workspace_id,user_id,roleHistoryScore,skillMatchScore,availabilityScore,chemistryScore,top_roles
e3a555ab-7a2a-3f9d-90f3-4cac3db69a4b,35,0.5854,0.7619,0.2595,0.7944,"[""DEVELOPER"",""REVIEWER""]"
4bc8a9f4-0bea-3063-8b39-0687e0796ac4,35,0.5,0.5,0.5,0.5,[]
4bc8a9f4-0bea-3063-8b39-0687e0796ac4,32,0.5,0.5,0.5,0.5,[]
bab1b9bd-6c7d-3697-91c2-131cc534b86e,21,0.9059,0.3845,0.3375,0.7257,"[""DEVELOPER"",""REVIEWER""]"
524604a1-c3e3-37a4-b924-2e791d684790,4,0.4853,0.7062,0.7751,0.2405,"[""PROJECT_MANAGER"",""REVIEWER""]"
bab1b9bd-6c7d-3697-91c2-131cc534b86e,4,0.9088,0.8137,0.3736,0.5001,"[""PROJECT_MANAGER"",""REVIEWER""]"
4bc8a9f4-0bea-3063-8b39-0687e0796ac4,36,0.5,0.5,0.5,0.5,[]
88795234-0449-3414-9901-62afc9e15b96,4,0.6318,0.7935,0.8358,0.318,"[""PROJECT_MANAGER"",""REVIEWER""]"
f1d0330d-7b59-3c38-abcb-570ccf0630e1,24,0.5,0.5,0.5,0.5,[]
7568afc3-bd39-3bcf-ab13-4abaf1ae0915,36,0.4327,0.8984,0.7115,0.3842,"[""DEVELOPER"",""REVIEWER""]"
88795234-0449-3414-9901-62afc9e15b96,21,0.5842,0.4945,0.7923,0.4015,"[""DEVELOPER"",""REVIEWER""]"
f1d0330d-7b59-3c38-abcb-570ccf0630e1,22,0.5,0.5,0.5,0.5,[]
7d17253c-1e4c-3c4f-94af-2be4f1aaaf70,34,0.3459,0.3718,0.6096,0.5039,"[""DEVELOPER"",""REVIEWER""]"
7d17253c-1e4c-3c4f-94af-2be4f1aaaf70,35,0.3458,0.4769,0.3303,0.3558,"[""DEVELOPER"",""REVIEWER""]"
f1d0330d-7b59-3c38-abcb-570ccf0630e1,20,0.5,0.5,0.5,0.5,[]
524604a1-c3e3-37a4-b924-2e791d684790,22,0.484,0.5387,0.4803,0.3834,"[""DEVELOPER"",""REVIEWER""]"
524604a1-c3e3-37a4-b924-2e791d684790,21,0.4861,0.3694,0.4147,0.4212,"[""DEVELOPER"",""REVIEWER""]"
4bc8a9f4-0bea-3063-8b39-0687e0796ac4,34,0.5,0.5,0.5,0.5,[]
4bc8a9f4-0bea-3063-8b39-0687e0796ac4,30,0.5,0.5,0.5,0.5,[]
7568afc3-bd39-3bcf-ab13-4abaf1ae0915,35,0.4328,0.7932,0.3408,0.5322,"[""DEVELOPER"",""REVIEWER""]"
7d17253c-1e4c-3c4f-94af-2be4f1aaaf70,36,0.3455,0.3825,0.8838,0.2956,"[""DEVELOPER"",""REVIEWER""]"
4bc8a9f4-0bea-3063-8b39-0687e0796ac4,37,0.5,0.5,0.5,0.5,[]
e3a555ab-7a2a-3f9d-90f3-4cac3db69a4b,34,0.5857,0.8563,0.356,0.8547,"[""DEVELOPER"",""REVIEWER""]"
0803e9c4-6291-3b4e-a6fc-aaaaf3bb0d01,22,0.4497,0.9151,0.884,0.4282,"[""DEVELOPER"",""REVIEWER""]"
7568afc3-bd39-3bcf-ab13-4abaf1ae0915,34,0.4796,0.4936,0.2827,0.7121,"[""DEVELOPER"",""REVIEWER""]"
524604a1-c3e3-37a4-b924-2e791d684790,26,0.4838,0.9592,0.6631,0.4712,"[""DEVELOPER"",""REVIEWER""]"
0803e9c4-6291-3b4e-a6fc-aaaaf3bb0d01,4,0.4524,0.4197,0.7321,0.4385,"[""PROJECT_MANAGER"",""REVIEWER""]"
7d17253c-1e4c-3c4f-94af-2be4f1aaaf70,31,0.346,0.6765,0.7975,0.268,"[""PROFESSOR"",""REVIEWER""]"
4bc8a9f4-0bea-3063-8b39-0687e0796ac4,33,0.5,0.5,0.5,0.5,[]
f1d0330d-7b59-3c38-abcb-570ccf0630e1,21,0.5,0.5,0.5,0.5,[]
bab1b9bd-6c7d-3697-91c2-131cc534b86e,22,0.9056,0.9101,0.891,0.6654,"[""DEVELOPER"",""REVIEWER""]"
3b518ed2-10cb-37b5-be3a-c3d859372fc2,4,0.5,0.5,0.5,0.5,[]
993f6e3a-4c42-30b1-be13-c00177f902fa,32,0.3307,0.6294,0.3547,0.4572,"[""PROFESSOR"",""REVIEWER""]"
993f6e3a-4c42-30b1-be13-c00177f902fa,37,0.3306,0.7345,0.7254,0.3091,"[""DEVELOPER"",""REVIEWER""]"
88795234-0449-3414-9901-62afc9e15b96,26,0.5856,0.5568,0.7163,0.4067,"[""DEVELOPER"",""REVIEWER""]"
993f6e3a-4c42-30b1-be13-c00177f902fa,23,0.3312,0.9233,0.2685,0.4296,"[""DEVELOPER"",""REVIEWER""]"
56836d67-1c9a-3e8a-8b1a-bf0b9972a6a0,32,0.5,0.5,0.5,0.5,[]
0803e9c4-6291-3b4e-a6fc-aaaaf3bb0d01,21,0.4498,0.81,0.5133,0.5762,"[""DEVELOPER"",""REVIEWER""]"
e3a555ab-7a2a-3f9d-90f3-4cac3db69a4b,36,0.5854,0.867,0.6302,0.6464,"[""DEVELOPER"",""REVIEWER""]"
4052df6b-70b0-3d03-821a-538be1240490,31,0.5,0.5,0.5,0.5,[]
4bc8a9f4-0bea-3063-8b39-0687e0796ac4,31,0.5,0.5,0.5,0.5,[]
7568afc3-bd39-3bcf-ab13-4abaf1ae0915,31,0.4796,0.5987,0.6533,0.5641,"[""PROFESSOR"",""REVIEWER""]"
bab1b9bd-6c7d-3697-91c2-131cc534b86e,26,0.9054,0.7105,0.4238,0.7532,"[""DEVELOPER"",""REVIEWER""]"
d81f8b2e-893b-3ad6-8011-a9d69b1892b3,25,0.5,0.5,0.5,0.5,[]
f1d0330d-7b59-3c38-abcb-570ccf0630e1,23,0.5,0.5,0.5,0.5,[]
e3a555ab-7a2a-3f9d-90f3-4cac3db69a4b,31,0.5857,0.9614,0.7267,0.7066,"[""PROFESSOR"",""REVIEWER""]"
0803e9c4-6291-3b4e-a6fc-aaaaf3bb0d01,26,0.4495,0.7156,0.4168,0.516,"[""DEVELOPER"",""REVIEWER""]"
